﻿autores_id;party;camara_;partido;nombre_completo;genero_id
656;Conservador Colombiano;Camara de representantes;Conservador Colombiano;Buenaventura Leon Leon;1
142;MIRA;Camara de representantes;MIRA;Gloria Stella Díaz Ortiz;2
60;MIRA;Senado;MIRA;Alexandra Moreno Piraquive;2
98;MIRA;Senado;MIRA;Manuel Antonio Virgüez Piraquive;1
288;MIRA;Senado;MIRA;Carlos Alberto Baéna López;1
862;Liberal Colombiano;Camara de representantes;Liberal Colombiano;Guillermo Abel Rivera Florez;1
134;Partido de la U;Camara de representantes;Partido Social de Unidad Nacional - Partido de la U;Lucero Cortes Mendez;2
1527;Conservador Colombiano;Camara de representantes;Conservador Colombiano;Nidia Marcela Osorio Salgado;2
1663;Conservador Colombiano;Camara de representantes;Conservador Colombiano;Jorge Hernan Mesa Botero;1
1522;Conservador Colombiano;Camara de representantes;Conservador Colombiano;Germán Alcides Blanco Álvarez;1
1513;Conservador Colombiano;Camara de representantes;Conservador Colombiano;Juan Diego Gómez Jiménez;1
1177;Conservador Colombiano;Camara de representantes;Conservador Colombiano;Heriberto Sanabria Astudillo;1
398;Movimiento Conservatismo ;Camara de representantes;Conservador Colombiano;Óscar Fernando Bravo Realpe;1
214;Conservador Colombiano;Camara de representantes;Conservador Colombiano;Gustavo Hernan Puentes Diaz;1
1525;Conservador Colombiano;Camara de representantes;Conservador Colombiano;Juan Carlos Sanchez Franco;1
1202;Conservador Colombiano;Camara de representantes;Conservador Colombiano;Diego Alberto Naranjo Escobar;1
1615;Conservador Colombiano;Camara de representantes;Conservador Colombiano;Diela Liliana Benavides Solarte;2
2127;Conservador Colombiano;Camara de representantes;Conservador Colombiano;Hernando Cardenas Cardoso;1
259;Conservador Colombiano;Camara de representantes;Conservador Colombiano;Carlos Alberto Zuluaga Diaz;1
547;MIR ;Camara de representantes;Movimiento de Integración Regional - MIR;Julio Eugenio Gallardo Archbold;1
96;Centro Democratico;Senado;Partido Social de Unidad Nacional - Partido de la U;Juan Carlos Velez Uribe;1
2279;Partido de la U;Senado;Partido Social de Unidad Nacional - Partido de la U;Juan Francisco Lozano Ramirez;1
66;Conservador Colombiano;Senado;Conservador Colombiano;Jorge Hernando Pedraza Gutiérrez;1
1052;Partido de la U;Senado;Partido Social de Unidad Nacional - Partido de la U;Claudia Janneth Wilches Sarmiento;2
87;Partido de la U;Senado;Partido Social de Unidad Nacional - Partido de la U;Dilian Francisca Toro Torres;2
11;Partido de la U;Senado;Partido Social de Unidad Nacional - Partido de la U;Jorge Eliecer Ballesteros Bernier;1
1178;Partido de la U;Camara de representantes;Partido Social de Unidad Nacional - Partido de la U;Roosvelt Rodríguez Rengifo;1
192;Movimiento Civico Independiente;Camara de representantes;Polo Democrático Alternativo;Carlos Germán Navas Talero;1
2449;Partido de la U;Camara de representantes;Partido Social de Unidad Nacional - Partido de la U;Miguel Gomez Martinez;1
213;Partido de la U;Camara de representantes;Partido Social de Unidad Nacional - Partido de la U;Augusto Posada Sanchez;1
47;Movimiento Nacional ;Senado;Cambio Radical;Antonio del Cristo Guerra de la Espriella;1
1971;Liberal Colombiano;Camara de representantes;Liberal Colombiano;Orlando Velandia Sepulveda;1
2455;Cambio Radical;Camara de representantes;Cambio Radical;William Ramon Garcia Tirado;1
1208;Partido de Integracion Nacional;Senado;Partido de Integración Nacional;Hector Julio Alfonso Lopez;1
2463;Opcion Ciudadana;Senado;Partido de Integración Nacional;Teresita García Romero;2
2462;Opcion Ciudadana;Senado;Partido de Integración Nacional;Nerthink Mauricio Aguilar Hurtado;1
9;Liberal Colombiano;Senado;Liberal Colombiano;Alvaro Antonio Ashton Giraldo;1
16;Liberal Colombiano;Senado;Cambio Radical;Javier Enrique Caceres Leal;1
133;Conservador Colombiano;Senado;Conservador Colombiano;Juan de Jesus Cordoba Suarez;1
1456;Conservador Colombiano;Senado;Conservador Colombiano;Juan Samy Merheg Marún;1
131;Conservador Colombiano;Senado;Conservador Colombiano;Carlos Ramiro Chávarro Cuéllar;1
290;Conservador Colombiano;Senado;Conservador Colombiano;Olga Lucía Suárez Mira;2
100;Conservador Colombiano;Senado;Conservador Colombiano;Gabriel Ignacio Zapata Correa;1
12;Conservador Colombiano;Senado;Conservador Colombiano;Carlos Emiro Barriga Peñaranda;1
1279;Conservador Colombiano;Senado;Conservador Colombiano;Nora María García Burgos;2
1486;Conservador Colombiano;Senado;Conservador Colombiano;Cesar Tulio Delgado Blandon;1
20;Movimiento Nueva Fuerza Democratica;Senado;Conservador Colombiano;Efraín José Cepeda Sarabia;1
4;Conservador Colombiano;Senado;Conservador Colombiano;Hernán Francisco Andrade Serrano;1
97;Conservador Colombiano;Senado;Conservador Colombiano;German Villegas Villegas;1
244;Movimiento Nacional ;Senado;Conservador Colombiano;Fernando Eustacio Tamayo Tamayo;1
33;Conservador Colombiano;Senado;Conservador Colombiano;Carlos Eduardo Enríquez Maya;1
50;Liberal Colombiano;Senado;Partido Social de Unidad Nacional - Partido de la U;Jorge Aurelio Iragorri Hormaza;1
112;Partido de la U;Senado;Partido Social de Unidad Nacional - Partido de la U;Roy Barreras;1
13;Partido de la U;Senado;Partido Social de Unidad Nacional - Partido de la U;Armando Alberto Benedetti Villaneda;1
196;Partido de la U;Camara de representantes;Partido Social de Unidad Nacional - Partido de la U;Felipe Fabián Orozco Vivas;1
875;Partido de la U;Senado;Partido Social de Unidad Nacional - Partido de la U;Milton Arlex Rodríguez Sarmiento;1
25;Liberal Colombiano;Senado;Liberal Colombiano;Piedad Esneda Cordoba Ruiz;2
257;MIR ;Camara de representantes;Partido Social de Unidad Nacional - Partido de la U;Berner León Zambrano Eraso;1
10;Polo Democratico Alternativo;Senado;Polo Democrático Alternativo;Luis Carlos Avellaneda Tarazona;1
873;Conservador Colombiano;Camara de representantes;Conservador Colombiano;Ciro Antonio Rodríguez Pinzón;1
1260;Polo Democratico Alternativo;Senado;Polo Democrático Alternativo;Gloria Ines Ramirez Rios;2
507;Liberal Colombiano;Senado;Liberal Colombiano;Jaime Enrique Durán Barrera;1
933;Partido de la U;Senado;Partido Social de Unidad Nacional - Partido de la U;Carlos Enrique Soto Jaramillo;1
2450;Partido de la U;Camara de representantes;Partido Social de Unidad Nacional - Partido de la U;Wilson Hernando Gomez Velasquez;1
2513;Partido de la U;Camara de representantes;Partido Social de Unidad Nacional - Partido de la U;Carlos Eduardo Hernandez Mogollon;1
937;Liberal Colombiano;Camara de representantes;Partido Social de Unidad Nacional - Partido de la U;Gerardo Tamayo Tamayo;1
2500;Partido de la U;Camara de representantes;Partido Social de Unidad Nacional - Partido de la U;Eduardo Jose Castañeda Murillo;1
140;Cambio Radical;Camara de representantes;Cambio Radical;Carlos Alberto Cuenca Chaux;1
2818;Partido de la U;Camara de representantes;Partido Social de Unidad Nacional - Partido de la U;Alfredo Guillermo Molina Triana;1
2499;Partido de la U;Camara de representantes;Partido Social de Unidad Nacional - Partido de la U;José Edilberto Caicedo Sastoque;1
2506;Partido de la U;Camara de representantes;Partido Social de Unidad Nacional - Partido de la U;Claudia Marcela Amaya Garcia;2
189;Liberal Colombiano;Camara de representantes;Liberal Colombiano;Pedro Mary Muvdi Aranguena;1
242;Liberal Colombiano;Camara de representantes;Liberal Colombiano;Mario Suarez Florez;1
1984;Liberal Colombiano;Camara de representantes;Liberal Colombiano;Roberto Ortiz Urueña;1
318;Liberal Colombiano;Camara de representantes;Liberal Colombiano;Javier Tato Álvarez Montenegro;1
1133;Liberal Colombiano;Camara de representantes;Liberal Colombiano;Jack Housni Jaller;1
198;Liberal Colombiano;Camara de representantes;Liberal Colombiano;Alvaro Pacheco Alvarez;1
2443;Cambio Radical;Camara de representantes;Cambio Radical;Luis Eduardo Díaz Granados Torres;1
2530;Cambio Radical;Camara de representantes;Cambio Radical;Oscar Humberto Henao Martinez;1
130;Cambio Radical;Camara de representantes;Cambio Radical;Jaime Cervantes Varelo;1
2268;Cambio Radical;Camara de representantes;Cambio Radical;Carlos Abraham Jiménez López;1
1609;Conservador Colombiano;Camara de representantes;Conservador Colombiano;Issa Eljadue Gutierrez;1
2031;Conservador Colombiano;Camara de representantes;Conservador Colombiano;Obed de Jesus Zuluaga Henao;1
2116;Conservador Colombiano;Camara de representantes;Conservador Colombiano;Yensi Alfonso Acosta Castañez;1
2498;Partido de la U;Camara de representantes;Partido Social de Unidad Nacional - Partido de la U;Nicolas  Antonio Jimenez Paternina;1
115;Liberal Colombiano;Camara de representantes;Partido Social de Unidad Nacional - Partido de la U;Jose Ignacio Bermudez Sanchez;1
2494;Partido de la U;Camara de representantes;Partido Social de Unidad Nacional - Partido de la U;José Alfredo Gnecco Zuleta;1
106;Partido de la U;Camara de representantes;Partido Social de Unidad Nacional - Partido de la U;Miguel Amín Escaf;1
2501;Partido de la U;Camara de representantes;Partido Social de Unidad Nacional - Partido de la U;Jaime Alonso Vasquez Bustamante;1
2439;Partido de la U;Camara de representantes;Partido Social de Unidad Nacional - Partido de la U;Juan Felipe Lemos Uribe;1
2504;Partido de la U;Camara de representantes;Partido Social de Unidad Nacional - Partido de la U;Eduardo Agatón Diazgranados Abadía;1
2255;Partido de la U;Camara de representantes;Partido Social de Unidad Nacional - Partido de la U;Hector Javier Vergara Sierra;1
3256;ALAS;Camara de representantes;ALAS;Roberto Jose Herrera Diaz;1
2553;Partido de Integracion Nacional;Camara de representantes;Partido de Integración Nacional;Mercedes Eufemia Marquez Guenzati;2
2474;Partido de Integracion Nacional;Camara de representantes;Partido de Integración Nacional;Javid Jose Benavides Aguas;1
590;Liberal Colombiano;Camara de representantes;Unidad Liberal;Consuelo Gonzalez de Perdomo;2
205;Conservador Colombiano;Camara de representantes;Conservador Colombiano;Telésforo Pedraza Ortega;1
38;Liberal Colombiano;Senado;Liberal Colombiano;Juan Manuel Galán Pachón;1
548;Liberal Colombiano;Senado;Liberal Colombiano;Honorio Galvis Aguilar;1
92;Liberal Colombiano;Senado;Liberal Colombiano;Luis Fernando Velasco Cháves;1
41;Liberal Colombiano;Senado;Liberal Colombiano;Jesus Ignacio Garcia Valencia;1
19;Liberal Colombiano;Senado;Cambio Radical;Bernabé Celis Carrillo;1
42;Movimiento Nacional ;Senado;Conservador Colombiano;Roberto Víctor Gerlein Echeverría;1
1055;Partido de la U;Senado;Partido Social de Unidad Nacional - Partido de la U;Carlos Roberto Ferro Solanilla;1
1803;Alianza Verde;Senado;Partido Verde;Gilma Jimenez Gomez;2
1942;AICO;Senado;Autoridades Indígenas de Colombia AICO;Germán Bernardo Carlosama López;1
2017;Alianza Social Independiente;Camara de representantes;Alianza Social Independiente;Juan Valdes;1
1804;Alianza Verde;Senado;Partido Verde;Jorge Eduardo Londoño Ulloa;1
1912;Alianza Verde;Camara de representantes;Partido Verde;Carlos Andres Amaya Rodriguez;1
1805;Alianza Verde;Senado;Partido Verde;John Sudarsky Rosenbaum;1
791;Movimiento Conservatismo ;Senado;Conservador Colombiano;Myriam Alicia Paredes Aguirre;2
27;Movimiento Nacional ;Senado;Conservador Colombiano;Juan Manuel Corzo Román;1
832;Opcion Ciudadana;Senado;Partido de Integración Nacional;Carlos Arturo Quintero Marin;1
169;Partido de Integracion Nacional;Senado;Partido de Integración Nacional;Hemel Hurtado Angulo;1
2538;Opcion Ciudadana;Camara de representantes;Partido de Integración Nacional;Juan Carlos Salazar Uribe;1
35;Opcion Ciudadana;Senado;Partido de Integración Nacional;Edgar Espindola Niño;1
3255;Partido de Integracion Nacional;Senado;Partido de Integración Nacional;Manuel Julian Mazenet Corrales;1
2458;Partido de Integracion Nacional;Senado;Partido de Integración Nacional;Juan Carlos Rizzetto Luces;1
2459;Opcion Ciudadana;Senado;Partido de Integración Nacional;Antonio José Correa Jiménez;1
74;Liberal Colombiano;Senado;Cambio Radical;Juan Carlos Restrepo Escobar;1
2012;Alianza Social Independiente;Senado;Alianza Social Independiente;Marco Aníbal Avirama Avirama;1
1819;Alianza Verde;Senado;Partido Verde;Felix Jose Valera Ibañez;1
2448;Alianza Verde;Camara de representantes;Partido Verde;Angela Maria Robledo Gomez;2
1894;Alianza Verde;Camara de representantes;Partido Verde;Alfonso Prada Gil;1
519;Partido de la U;Senado;Partido Social de Unidad Nacional - Partido de la U;Manuel Mesías Enríquez Rosero;1
2515;Partido de la U;Camara de representantes;Partido Social de Unidad Nacional - Partido de la U;Didier Burgos Ramírez;1
896;Conservador Colombiano;Senado;Conservador Colombiano;Jose Dario Salazar Cruz;1
836;Partido de la U;Camara de representantes;Partido Social de Unidad Nacional - Partido de la U;Elias Raad Hernandez;1
1334;Liberal Colombiano;Camara de representantes;Liberal Colombiano;Rafael Romero Piñeros;1
40;Liberal Colombiano;Senado;Liberal Colombiano;Guillermo García Realpe;1
2029;Liberal Colombiano;Camara de representantes;Liberal Colombiano;Pedro Pablo Perez Puerta;1
348;Liberal Colombiano;Camara de representantes;Liberal Colombiano;Miguel de Jesus Arenas Prada;1
28;Liberal Colombiano;Senado;Liberal Colombiano;Juan Fernando Cristo Bustos;1
447;Liberal Colombiano;Senado;Cambio Radical;Fuad Ricardo Char Abdala;1
1693;Conservador Colombiano;Camara de representantes;Conservador Colombiano;David Alejandro Barguil Assis;1
2496;Partido de la U;Camara de representantes;Partido Social de Unidad Nacional - Partido de la U;José Bernardo Flórez Asprilla;1
2535;Partido de la U;Camara de representantes;Partido Social de Unidad Nacional - Partido de la U;Adolfo Leon Rengifo Santibañez;1
1180;Partido de la U;Senado;Partido Social de Unidad Nacional - Partido de la U;Germán Darío Hoyos Giraldo;1
2452;Partido de la U;Senado;Partido Social de Unidad Nacional - Partido de la U;Martin Emilio Morales Diz;1
1200;Partido de la U;Senado;Partido Social de Unidad Nacional - Partido de la U;Karime Mota y Morad;2
59;Movimiento Apertura Liberal;Senado;Partido Social de Unidad Nacional - Partido de la U;Manuel Guillermo Mora Jaramillo;1
2376;Partido de la U;Senado;Partido Social de Unidad Nacional - Partido de la U;Eduardo Carlos Merlano Morales;1
922;Partido de la U;Camara de representantes;Partido Social de Unidad Nacional - Partido de la U;Luis Antonio Serrano Morales;1
2600;Partido de la U;Senado;Partido Social de Unidad Nacional - Partido de la U;José David Name Cardozo;1
177;Partido de la U;Senado;Partido Social de Unidad Nacional - Partido de la U;Óscar Mauricio Lizcano Arango;1
970;Liberal Colombiano;Camara de representantes;Partido Social de Unidad Nacional - Partido de la U;Albeiro Vanegas Osorio;1
997;Partido de la U;Camara de representantes;Partido Social de Unidad Nacional - Partido de la U;Sandra Elena Villadiego Villadiego;2
101;Liberal Colombiano;Senado;Partido Social de Unidad Nacional - Partido de la U;Piedad del Socorro Zuccardi de Garcia;2
2497;Partido de la U;Camara de representantes;Partido Social de Unidad Nacional - Partido de la U;Raymundo Elías Méndez Bechara;1
145;Partido de la U;Senado;Partido Social de Unidad Nacional - Partido de la U;Bernardo Miguel Elías Vidal;1
1226;Partido de la U;Senado;Partido Social de Unidad Nacional - Partido de la U;Fuad Emilio Rapag Matar;1
2817;MIO;Camara de representantes;Movimiento de Inclusión y Oportunidades - MIO;Heriberto Arrechea Banguera;1
2534;Partido de la U;Camara de representantes;Partido Social de Unidad Nacional - Partido de la U;Jairo Ortega Samboni;1
1217;Liberal Colombiano;Camara de representantes;Liberal Colombiano;Pablo Enrique Salamanca Cortes;1
122;Partido de la U;Camara de representantes;Partido Social de Unidad Nacional - Partido de la U;Ángel Custodio Cabrera Baez;1
906;Liberal Colombiano;Senado;Liberal Colombiano;Camilo Armando Sanchez Ortega;1
1176;Conservador Colombiano;Senado;Conservador Colombiano;Liliana Maria Rendon Roldan;2
1714;Polo Democratico Alternativo;Senado;Polo Democrático Alternativo;Camilo Romero;1
48;Alianza Verde;Senado;Polo Democrático Alternativo;Jorge Eliecer Guevara;1
1705;Polo Democratico Alternativo;Senado;Polo Democrático Alternativo;Mauricio Ernesto Ospina Gomez;1
61;Polo Democratico Alternativo;Senado;Polo Democrático Alternativo;Nestor Ivan Moreno Rojas;1
1531;Conservador Colombiano;Camara de representantes;Conservador Colombiano;Laureano Augusto Acuña Díaz;1
453;Conservador Colombiano;Camara de representantes;Conservador Colombiano;Orlando Alfonso Clavijo Clavijo;1
1292;Opcion Ciudadana;Camara de representantes;Partido de Integración Nacional;Fernando de la Peña Márquez;1
1219;Liberal Colombiano;Camara de representantes;Liberal Colombiano;Simon Gaviria Muñoz;1
107;Liberal Colombiano;Camara de representantes;Liberal Colombiano;Fabio Raúl Amín Saleme;1
182;Liberal Colombiano;Camara de representantes;Liberal Colombiano;Oscar de Jesus Marin;1
2027;Liberal Colombiano;Camara de representantes;Liberal Colombiano;Ivan Dario Sandoval Perilla;1
2522;Liberal Colombiano;Camara de representantes;Liberal Colombiano;Ruben Dario Rodriguez Gongora;1
123;Liberal Colombiano;Camara de representantes;Liberal Colombiano;Jose Joaquin Camelo Ramos;1
978;Alternativa Democratica;Camara de representantes;Liberal Colombiano;Victoria Eugenia Vargas Vives;2
1229;Conservador Colombiano;Camara de representantes;Conservador Colombiano;Constantino Rodriguez Calvo;1
2395;Polo Democratico Alternativo;Camara de representantes;Polo Democrático Alternativo;Iván Cepeda Castro;1
136;Partido de la U;Camara de representantes;Partido Social de Unidad Nacional - Partido de la U;Eduardo Alfonso Crissien Borrero;1
183;Cambio Radical;Camara de representantes;Cambio Radical;Rosmery Martínez Rosales;2
2502;Partido de la U;Camara de representantes;Partido Social de Unidad Nacional - Partido de la U;Alfredo Rafael Deluque Zuleta;1
1952;Liberal Colombiano;Camara de representantes;Liberal Colombiano;Victor Raul Yepes Florez;1
2491;Cambio Radical;Camara de representantes;Cambio Radical;Camilo Andres Abril Jaimes;1
1781;Partido de la U;Camara de representantes;Partido Social de Unidad Nacional - Partido de la U;Elkin Rodolfo Ospina Ospina;1
2479;Partido de la U;Camara de representantes;Partido Social de Unidad Nacional - Partido de la U;Pablo Aristobulo Sierra Leon;1
566;Liberal Colombiano;Senado;Partido Social de Unidad Nacional - Partido de la U;Jorge Eduardo Géchem Turbay;1
2539;Partido de Integracion Nacional;Camara de representantes;Partido de Integración Nacional;Jairo Hinestroza Sinisterra;1
2505;Partido de Integracion Nacional;Camara de representantes;Partido de Integración Nacional;Libardo Enrique Garcia Guerrero;1
2083;Liberal Colombiano;Camara de representantes;Liberal Colombiano;Hugo Orlando Velasquez Jaramillo;1
2080;Liberal Colombiano;Camara de representantes;Liberal Colombiano;Jimmy Javier Sierra Palacio;1
2108;Liberal Colombiano;Camara de representantes;Liberal Colombiano;Yolanda Duque Naranjo;2
2697;Liberal Colombiano;Camara de representantes;Liberal Colombiano;Monica del Carmen Anaya Anaya;2
1992;Liberal Colombiano;Camara de representantes;Liberal Colombiano;Adriana Franco Castaño;2
2480;Partido de la U;Camara de representantes;Partido Social de Unidad Nacional - Partido de la U;Luis Guillermo Barrera Gutierrez;1
763;Liberal Colombiano;Senado;Partido Social de Unidad Nacional - Partido de la U;Plinio Edilberto Olano Becerra;1
2734;Alianza Verde;Senado;Partido Verde;Iván Leonidas Name Vásquez;1
2447;Partido de la U;Senado;Partido Social de Unidad Nacional - Partido de la U;Maritza Martínez Aristizábal;2
1532;Conservador Colombiano;Camara de representantes;Conservador Colombiano;Armando Antonio Zabarain D'arce;1
2483;Partido de la U;Camara de representantes;Partido Social de Unidad Nacional - Partido de la U;Jairo Quintero Trujillo;1
2484;Partido de la U;Camara de representantes;Partido Social de Unidad Nacional - Partido de la U;Hernán Penagos Giraldo;1
2523;Partido de la U;Camara de representantes;Partido Social de Unidad Nacional - Partido de la U;Carlos Edward Osorio Aguiar;1
2247;Partido de la U;Camara de representantes;Partido Social de Unidad Nacional - Partido de la U;Carlos Arturo Correa Mojica;1
2246;Partido de la U;Camara de representantes;Partido Social de Unidad Nacional - Partido de la U;Efraín Antonio Torres Monsalvo;1
2492;Movimiento Politico Cien por Ciento por Colombia;Camara de representantes;Movimiento Apertura Liberal;Jose Rodolfo Perez Suarez;1
2819;MUIPC;Camara de representantes;Polo Democrático Alternativo;Hernando Hernandez Tapasco;1
77;Polo Democratico Alternativo;Senado;Polo Democrático Alternativo;Jorge Enrique Robledo Castillo;1
668;Polo Democratico Alternativo;Senado;Polo Democrático Alternativo;Alexánder López Maya;1
819;Liberal Colombiano;Camara de representantes;Polo Democrático Alternativo;Alba Luz Pinilla Pedraza;2
2533;Polo Democratico Alternativo;Camara de representantes;Polo Democrático Alternativo;Wilson Neber Arias Castillo;1
2456;Liberal Colombiano;Senado;Liberal Colombiano;Arleth Patricia Casado de López;2
297;Liberal Colombiano;Senado;Liberal Colombiano;Rodrigo Villalba Mosquera;1
281;Conservador Colombiano;Senado;Conservador Colombiano;Juan Mario Laserna Jaramillo;1
512;Unidad Liberal;Camara de representantes;Unidad Liberal;Luis Enrique Dussan Lopez;1
1716;Conservador Colombiano;Camara de representantes;Conservador Colombiano;Esmeralda Sarria Villa;2
116;Partido de la U;Senado;Partido Social de Unidad Nacional - Partido de la U;Musa Abraham Besaile Fayad;1
2759;Cambio Radical;Camara de representantes;Cambio Radical;Hernando José Padauí Álvarez;1
2233;Liberal Colombiano;Senado;Liberal Colombiano;Eugenio Enrique Prieto Soto;1
2813;Conservador Colombiano;Camara de representantes;Conservador Colombiano;Carlos Eduardo Leon Celis;1
1640;Conservador Colombiano;Camara de representantes;Conservador Colombiano;Silvio Vasquez Villanueva;1
85;Conservador Colombiano;Senado;Conservador Colombiano;Luis Emilio Sierra Grajales;1
1622;Conservador Colombiano;Camara de representantes;Conservador Colombiano;Juan Carlos García Gómez;1
1764;Conservador Colombiano;Camara de representantes;Conservador Colombiano;Henry Humberto Arcila Moncada;1
1526;Conservador Colombiano;Camara de representantes;Conservador Colombiano;Marta Cecilia Ramirez Orrego;2
914;Liberal Colombiano;Senado;Liberal Colombiano;Guillermo Antonio Santos Marín;1
2238;Liberal Colombiano;Senado;Liberal Colombiano;Edinson Delgado Ruiz;1
2231;Liberal Colombiano;Senado;Liberal Colombiano;Amparo Arbelaez Escalante;2
251;Cambio Radical;Camara de representantes;Cambio Radical;Germán Varón Cotrino;1
206;Conservador Colombiano;Camara de representantes;Conservador Colombiano;Pedrito Tomás Pereira Caballero;1
39;Cambio Radical;Senado;Cambio Radical;Daira de Jesús Galvis Méndez;2
1947;Liberal Colombiano;Camara de representantes;Liberal Colombiano;Victor Hugo Moreno Bandeira;1
718;Liberal Colombiano;Camara de representantes;Cambio Radical;José Ignacio Mesa Betancur;1
1694;Conservador Colombiano;Camara de representantes;Conservador Colombiano;Alfredo Bocanegra Varon;1
88;Liberal Colombiano;Senado;Partido Social de Unidad Nacional - Partido de la U;Efrain Torrado Garcia;1
1647;Conservador Colombiano;Camara de representantes;Conservador Colombiano;Noel Ricardo Valencia Giraldo;1
127;Liberal Colombiano;Camara de representantes;Liberal Colombiano;Nancy Denise Castillo García;2
1186;Cambio Radical;Senado;Cambio Radical;Carlos Fernando Motoa Solarte;1
2761;Partido de la U;Camara de representantes;Partido Social de Unidad Nacional - Partido de la U;Juan Carlos Martinez Gutierrez;1
2536;Opcion Ciudadana;Camara de representantes;Partido de Integración Nacional;Heriberto Escobar Gonzalez;1
2514;Partido de la U;Camara de representantes;Movimiento Apertura Liberal;Luis Fernando Ochoa Zuluaga;1
2520;Partido de Integracion Nacional;Camara de representantes;Partido de Integración Nacional;Holger Horacio Diaz Hernandez;1
1785;Partido de la U;Camara de representantes;Partido Social de Unidad Nacional - Partido de la U;León Darío Ramírez Valencia;1
2517;Liberal Colombiano;Camara de representantes;Liberal Colombiano;Jorge Eliecer Gomez Villamizar;1
2039;Liberal Colombiano;Camara de representantes;Liberal Colombiano;Carlos Julio Bonilla Soto;1
2507;Partido de la U;Camara de representantes;Partido Social de Unidad Nacional - Partido de la U;Jaime Rodriguez Contreras;1
153;Liberal Colombiano;Senado;Liberal Colombiano;Lidio Arturo García Turbay;1
1950;Liberal Colombiano;Camara de representantes;Liberal Colombiano;Iván Darío Agudelo Zapata;1
256;Partido de la U;Camara de representantes;Partido Social de Unidad Nacional - Partido de la U;Jaime Armando Yepes Martínez;1
1631;Conservador Colombiano;Camara de representantes;Conservador Colombiano;Juana Carolina Londoño Jaramillo;2
1167;Cambio Radical;Camara de representantes;Cambio Radical;Miguel Antonio Carebilla Cuellar;1
2815;Movimiento Politico Cien por Ciento por Colombia;Camara de representantes;Afrovides;Yahir Fernando Acuña Cardales;1
2084;Liberal Colombiano;Camara de representantes;Liberal Colombiano;Alejandro Carlos Chacón Camargo;1
2042;Liberal Colombiano;Camara de representantes;Liberal Colombiano;Rafael Antonio Madrid Hodeg;1
2516;Cambio Radical;Camara de representantes;Cambio Radical;Atilano Alonso Giraldo Arboleda;1
1635;Conservador Colombiano;Camara de representantes;Conservador Colombiano;Carlos Augusto Rojas Ortiz;1
1561;Conservador Colombiano;Camara de representantes;Conservador Colombiano;Humphrey Roa Sarmiento;1
2812;Partido de la U;Camara de representantes;Partido Social de Unidad Nacional - Partido de la U;Jaime Buenahora Febres;1
148;Opcion Ciudadana;Camara de representantes;Partido de Integración Nacional;Eduardo Enrique Perez Santos;1
160;Liberal Colombiano;Senado;Liberal Colombiano;Edgar Alfonso Gómez Román;1
2263;Partido de la U;Camara de representantes;Partido Social de Unidad Nacional - Partido de la U;Libardo Antonio Taborda Castro;1
1245;Cambio Radical;Camara de representantes;Cambio Radical;Jorge Enrique Rozo Rodríguez;1
2442;Cambio Radical;Camara de representantes;Cambio Radical;Mercedes Rincon Espinel;2
29;Polo Democratico Alternativo;Senado;Polo Democrático Alternativo;Parmenio Cuellar Bastidas;1
2842;Conservador Colombiano;Senado;Conservador Colombiano;Jose Ivan Clavijo Contreras;1
2044;Liberal Colombiano;Camara de representantes;Liberal Colombiano;Carlos Alberto Escobar Cordoba;1
211;Liberal Colombiano;Camara de representantes;Liberal Colombiano;Crisanto Pizo Mazabuel;1
1956;Liberal Colombiano;Camara de representantes;Liberal Colombiano;John Jairo Roldán Avendaño;1
894;Nacional Cristiano;Camara de representantes;Partido Social de Unidad Nacional - Partido de la U;Luis Enrique Salas Moises;1
792;Partido de la U;Camara de representantes;Partido Social de Unidad Nacional - Partido de la U;Francisco Alfonso Fernando Pareja Gonzalez;1
505;Liberal Colombiano;Senado;Liberal Colombiano;Luis Fernando Duque García;1
283;Conservador Colombiano;Camara de representantes;Conservador Colombiano;Lina María Barrera Rueda;2
2521;Partido de Integracion Nacional;Camara de representantes;Partido de Integración Nacional;Didier Alberto Tavera Amado;1
1720;Conservador Colombiano;Camara de representantes;Conservador Colombiano;Juan Manuel Campo Eljach;1
4966;Partido de la U;Camara de representantes;Partido Social de Unidad Nacional - Partido de la U;Jose Gonzalo Gutierrez Triviño;1
2508;Opcion Ciudadana;Camara de representantes;Partido de Integración Nacional;Bayardo Gilberto Betancourt Perez;1
1800;Cambio Radical;Senado;Cambio Radical;Jose Francisco Herrera Acosta;1
1201;Liberal Colombiano;Camara de representantes;Liberal Colombiano;Diego Patiño Amariles;1
110;Opcion Ciudadana;Camara de representantes;Partido de Integración Nacional;Carlos Enrique Avila Duran;1
1970;Liberal Colombiano;Camara de representantes;Liberal Colombiano;Miguel Ángel Pinto Hernández;1
8;Partido de Integracion Nacional;Senado;Partido de Integración Nacional;Samuel Benjamin Arrieta Buelvas;1
1625;Conservador Colombiano;Camara de representantes;Conservador Colombiano;Carlos Uriel Naranjo Velez;1
6099;Partido de la U;Camara de representantes;Partido Social de Unidad Nacional - Partido de la U;Nicolás Daniel Guerrero Montaño;1
4993;Opcion Ciudadana;Senado;Partido de Integración Nacional;Doris Clemencia Vega Quiroz;2
6042;Liberal Colombiano;Camara de representantes;Liberal Colombiano;Jaime Enrique Serrano Pérez;1
258;Partido de la U;Senado;Partido Social de Unidad Nacional - Partido de la U;Jaime Alonso Zuluaga Aristizabal;1
6057;Partido de la U;Senado;Partido Social de Unidad Nacional - Partido de la U;Astrid Sanchez Montes de Oca;2
2816;Cambio Radical;Camara de representantes;Cambio Radical;Jair Arango Torres;1
1266;Alianza Verde;Senado;Partido Verde;Rodrigo Romero Hernandez;1
5479;Partido de la U;Camara de representantes;Partido Social de Unidad Nacional - Partido de la U;Jhon Jairo Cárdenas Morán;1
1468;Conservador Colombiano;Senado;Conservador Colombiano;Arturo Yepes Alzate;1